﻿compound,smiles,scifinder
1,O=C(N(C)C)OC1C(C)(C=O)CCC=C1,https://scifinder-n.cas.org/search/reaction/5f9fb268fd9df914484a07e0/1
2,CC1=COC(C2=CC=CC=C2)CC1=O,https://scifinder-n.cas.org/search/reaction/5f9fb2dbfd9df914484a084e/1
3,CC1=C(C)CC(C)(C=O)CC1,https://scifinder-n.cas.org/search/reaction/5f9fb353fd9df914484a08e4/1
4,CC1=CC=C(C)N1C2=CC=CC=C2,https://scifinder-n.cas.org/search/reaction/5f9fb483fd9df914484a0a2b/1
5,C1(C2=CC=C(C3=CC=CC=C3)O2)=CC=CC=C1,https://scifinder-n.cas.org/search/reaction/5f9fb59afd9df914484a0b30/1
6,I/C(C)=C(C1)\CCCN1CC2=CC=C(OC)C=C2,https://scifinder-n.cas.org/search/reaction/5f9fb671fd9df914484a0bf5/1
7,C1(C=CC2=C3C4=C(C=CC=C4)N2)=C3C=CC=C1,https://scifinder-n.cas.org/search/reaction/5f9f7e72fd9df9144849d788/1
8,CC1=C(C)NC2=CC=CC=C21,https://scifinder-n.cas.org/search/reaction/5f9f7f05fd9df9144849d801/1
9,CC(CCC1CCCC2C1OCC2)=O,https://scifinder-n.cas.org/search/reaction/5f9f7f6dfd9df9144849d866/1
10,C1CCCCC12OCCO2,https://scifinder-n.cas.org/search/reaction/5f9f82d8fd9df9144849db6d/1
